epochs,steps,dot_mrr,dot_recall@1,dot_recall@10,dot_recall@50,cos_mrr,cos_recall@1,cos_recall@10,cos_recall@50
0,80,0.15597741305828094,0.11302211135625839,0.25470924377441406,0.3284193277359009,0.15597741305828094,0.11302211135625839,0.25470924377441406,0.3284193277359009
0,160,0.1413559764623642,0.10073710232973099,0.23341523110866547,0.315315306186676,0.1413559764623642,0.10073710232973099,0.23341523110866547,0.315315306186676
0,240,0.1542591154575348,0.11711711436510086,0.24651925265789032,0.31859132647514343,0.1542591154575348,0.11711711436510086,0.24651925265789032,0.31859132647514343
0,320,0.14590466022491455,0.10483210533857346,0.23751023411750793,0.3226863145828247,0.14590466022491455,0.10483210533857346,0.23751023411750793,0.3226863145828247
0,400,0.15115343034267426,0.1146601140499115,0.2416052371263504,0.32022932171821594,0.15115343034267426,0.1146601140499115,0.2416052371263504,0.32022932171821594
1,80,0.14037348330020905,0.10565110296010971,0.22850123047828674,0.3087632954120636,0.14037348330020905,0.10565110296010971,0.22850123047828674,0.3087632954120636
1,160,0.1330333650112152,0.09746109694242477,0.21785421669483185,0.3030303120613098,0.1330333650112152,0.09746109694242477,0.21785421669483185,0.3030303120613098
