epochs,steps,dot_mrr,dot_recall@1,dot_recall@10,dot_recall@50,cos_mrr,cos_recall@1,cos_recall@10,cos_recall@50
0,80,0.08075347542762756,0.05323505401611328,0.15970516204833984,0.24570024013519287,0.08075347542762756,0.05323505401611328,0.15970516204833984,0.24570024013519287
0,160,0.12841607630252838,0.0917280912399292,0.21539722383022308,0.315315306186676,0.12841607630252838,0.0917280912399292,0.21539722383022308,0.315315306186676
0,240,0.13485465943813324,0.09909909963607788,0.22276821732521057,0.3177723288536072,0.13485465943813324,0.09909909963607788,0.22276821732521057,0.3177723288536072
