epochs,steps,dot_mrr,dot_recall@1,dot_recall@10,dot_recall@50,cos_mrr,cos_recall@1,cos_recall@10,cos_recall@50
0,0,0.07542958110570908,0.04867725074291229,0.13439153134822845,0.2074074149131775,0.07542958110570908,0.04867725074291229,0.13439153134822845,0.2074074149131775
